Workbook
Name CID: customersdata[Cust_ID]
Name hsncode: ProductsData[HSN Code]

Sheet Dashboard
O14: {=_xlfn._xlws.FILTER(Table5[Notification],Table5[Notification]<>"")} -> 📞 Camera Needs to reorder ! PH 9813xxxxxx

Sheet Customers
D7: Cust_ID | E7: Name | F7: Email | G7: Address
D8: 100 | E8: Ram sales | F8: Ram@gmail.com | G8: Delhi, India
D9: 101 | E9: Atul Ltd. | F9: Atu@gmail.com | G9: 121102, Palwal, HR
D10: 102 | E10: MK Tech. | F10: MK @gmail.com | G10: Faridabad, 121101
D11: 103 | E11: 99store | F11: 99s@gmail.com | G11: Agra, UP
D12: 104 | E12: Rajesh Kumar | F12: Raj@gmail.com | G12: New Delhi, 110011
D13: 105 | E13: Amit | F13: Ami@gmail.com | G13: Gurgaon, Sec-15
D14: 106 | E14: Jain Tel. | F14: Jai@gmail.com | G14: Janpath, New Delhi
D15: 107 | E15: prnv | F15: prnv@gmail.com | G15: nagpur

Sheet Products
D7: HSN Code | E7: Product Name | F7: Cost | G7: Selling Price
D8: N1001 | E8: Smart Watch | F8: 980 | G8: 1176
D9: N1002 | E9: Laptop HP xyz i5 | F9: 34500 | G9: 41400
D10: N1003 | E10: Wireless Printer | F10: 4600 | G10: 5520
D11: N1004 | E11: Desktop | F11: 21000 | G11: 25200
D12: N1005 | E12: Mouse | F12: 200 | G12: 240
D13: N1006 | E13: Rgb Keyboard | F13: 340 | G13: 408
D14: N1007 | E14: Camera | F14: 52000 | G14: 62400
D15: N1008 | E15: Headphones | F15: 799 | G15: 958.8
D16: N1009 | E16: Speakers | F16: 670 | G16: 804
D17: N1010 | E17: Tablets | F17: 23500 | G17: 28200

Sheet Vendors
D7: HSN Code | E7: Product Name | F7: Vendor Name | G7: Phone | H7: Address
D8: N1001 | E8: Smart Watch | F8: Tech99 | G8: 9812xxxxxx | H8: Faridabad, 121101
D9: N1002 | E9: Laptop HP xyz i5 | F9: Tech99 | G9: 9812xxxxxx | H9: Faridabad, 121102
D10: N1003 | E10: Wireless Printer | F10: Tech99 | G10: 9812xxxxxx | H10: Faridabad, 121103
D11: N1004 | E11: Desktop | F11: GG Traders | G11: 9813xxxxxx | H11: Gurgaon, Sec-15
D12: N1005 | E12: Mouse | F12: GG Traders | G12: 9813xxxxxx | H12: Gurgaon, Sec-16
D13: N1006 | E13: Rgb Keyboard | F13: GG Traders | G13: 9813xxxxxx | H13: Gurgaon, Sec-17
D14: N1007 | E14: Camera | F14: GG Traders | G14: 9813xxxxxx | H14: Gurgaon, Sec-18
D15: N1008 | E15: Headphones | F15: Compac | G15: 9814xxxxxx | H15: New Delhi, 110012
D16: N1009 | E16: Speakers | F16: Compac | G16: 9814xxxxxx | H16: New Delhi, 110013
D17: N1010 | E17: Tablets | F17: Compac | G17: 9814xxxxxx | H17: New Delhi, 110014

Sheet New Entry
E11: Purchase Entry
E13: Sale Entry

Sheet Purchase
D7: HSN Code | E7: Product Name | F7: Vendor | G7: Date | H7: Units | I7: Cost | J7: Amount
D8: N1002 | E8: =IFERROR(VLOOKUP(Purchasedata[[#This Row],[HSN Code]],ProductsData[#All],2,0),"") -> Laptop HP xyz i5 | F8: =IFERROR(VLOOKUP(Purchasedata[[#This Row],[HSN Code]],Table26[#All],3,0),"") -> Tech99 | H8: 50 | I8: =IFERROR(VLOOKUP(Purchasedata[[#This Row],[HSN Code]],ProductsData[#All],3,0),"") -> 34500 | J8: =IFERROR(Purchasedata[[#This Row],[Units]]*Purchasedata[[#This Row],[Cost]],"") -> 1725000
D9: N1004 | E9: =IFERROR(VLOOKUP(Purchasedata[[#This Row],[HSN Code]],ProductsData[#All],2,0),"") -> Desktop | F9: =IFERROR(VLOOKUP(Purchasedata[[#This Row],[HSN Code]],Table26[#All],3,0),"") -> GG Traders | H9: 34 | I9: =IFERROR(VLOOKUP(Purchasedata[[#This Row],[HSN Code]],ProductsData[#All],3,0),"") -> 21000 | J9: =IFERROR(Purchasedata[[#This Row],[Units]]*Purchasedata[[#This Row],[Cost]],"") -> 714000
D10: N1003 | E10: =IFERROR(VLOOKUP(Purchasedata[[#This Row],[HSN Code]],ProductsData[#All],2,0),"") -> Wireless Printer | F10: =IFERROR(VLOOKUP(Purchasedata[[#This Row],[HSN Code]],Table26[#All],3,0),"") -> Tech99 | H10: 25 | I10: =IFERROR(VLOOKUP(Purchasedata[[#This Row],[HSN Code]],ProductsData[#All],3,0),"") -> 4600 | J10: =IFERROR(Purchasedata[[#This Row],[Units]]*Purchasedata[[#This Row],[Cost]],"") -> 115000
D11: N1006 | E11: =IFERROR(VLOOKUP(Purchasedata[[#This Row],[HSN Code]],ProductsData[#All],2,0),"") -> Rgb Keyboard | F11: =IFERROR(VLOOKUP(Purchasedata[[#This Row],[HSN Code]],Table26[#All],3,0),"") -> GG Traders | H11: 7 | I11: =IFERROR(VLOOKUP(Purchasedata[[#This Row],[HSN Code]],ProductsData[#All],3,0),"") -> 340 | J11: =IFERROR(Purchasedata[[#This Row],[Units]]*Purchasedata[[#This Row],[Cost]],"") -> 2380
D12: N1008 | E12: =IFERROR(VLOOKUP(Purchasedata[[#This Row],[HSN Code]],ProductsData[#All],2,0),"") -> Headphones | F12: =IFERROR(VLOOKUP(Purchasedata[[#This Row],[HSN Code]],Table26[#All],3,0),"") -> Compac | G12: 46023 | H12: 5 | I12: =IFERROR(VLOOKUP(Purchasedata[[#This Row],[HSN Code]],ProductsData[#All],3,0),"") -> 799 | J12: =IFERROR(Purchasedata[[#This Row],[Units]]*Purchasedata[[#This Row],[Cost]],"") -> 3995
D13: N1005 | E13: =IFERROR(VLOOKUP(Purchasedata[[#This Row],[HSN Code]],ProductsData[#All],2,0),"") -> Mouse | F13: =IFERROR(VLOOKUP(Purchasedata[[#This Row],[HSN Code]],Table26[#All],3,0),"") -> GG Traders | H13: 300 | I13: =IFERROR(VLOOKUP(Purchasedata[[#This Row],[HSN Code]],ProductsData[#All],3,0),"") -> 200 | J13: =IFERROR(Purchasedata[[#This Row],[Units]]*Purchasedata[[#This Row],[Cost]],"") -> 60000
D14: N1009 | E14: =IFERROR(VLOOKUP(Purchasedata[[#This Row],[HSN Code]],ProductsData[#All],2,0),"") -> Speakers | F14: =IFERROR(VLOOKUP(Purchasedata[[#This Row],[HSN Code]],Table26[#All],3,0),"") -> Compac | G14: 46024 | H14: 100 | I14: =IFERROR(VLOOKUP(Purchasedata[[#This Row],[HSN Code]],ProductsData[#All],3,0),"") -> 670 | J14: =IFERROR(Purchasedata[[#This Row],[Units]]*Purchasedata[[#This Row],[Cost]],"") -> 67000
D15: N1001 | E15: =IFERROR(VLOOKUP(Purchasedata[[#This Row],[HSN Code]],ProductsData[#All],2,0),"") -> Smart Watch | F15: =IFERROR(VLOOKUP(Purchasedata[[#This Row],[HSN Code]],Table26[#All],3,0),"") -> Tech99 | G15: 46024 | H15: 200 | I15: =IFERROR(VLOOKUP(Purchasedata[[#This Row],[HSN Code]],ProductsData[#All],3,0),"") -> 980 | J15: =IFERROR(Purchasedata[[#This Row],[Units]]*Purchasedata[[#This Row],[Cost]],"") -> 196000
D16: N1010 | E16: =IFERROR(VLOOKUP(Purchasedata[[#This Row],[HSN Code]],ProductsData[#All],2,0),"") -> Tablets | F16: =IFERROR(VLOOKUP(Purchasedata[[#This Row],[HSN Code]],Table26[#All],3,0),"") -> Compac | G16: 46025 | H16: 100 | I16: =IFERROR(VLOOKUP(Purchasedata[[#This Row],[HSN Code]],ProductsData[#All],3,0),"") -> 23500 | J16: =IFERROR(Purchasedata[[#This Row],[Units]]*Purchasedata[[#This Row],[Cost]],"") -> 2350000
E17: =IFERROR(VLOOKUP(Purchasedata[[#This Row],[HSN Code]],ProductsData[#All],2,0),"") | F17: =IFERROR(VLOOKUP(Purchasedata[[#This Row],[HSN Code]],Table26[#All],3,0),"") | I17: =IFERROR(VLOOKUP(Purchasedata[[#This Row],[HSN Code]],ProductsData[#All],3,0),"") | J17: =IFERROR(Purchasedata[[#This Row],[Units]]*Purchasedata[[#This Row],[Cost]],"")
E18: =IFERROR(VLOOKUP(Purchasedata[[#This Row],[HSN Code]],ProductsData[#All],2,0),"") | F18: =IFERROR(VLOOKUP(Purchasedata[[#This Row],[HSN Code]],Table26[#All],3,0),"") | I18: =IFERROR(VLOOKUP(Purchasedata[[#This Row],[HSN Code]],ProductsData[#All],3,0),"") | J18: =IFERROR(Purchasedata[[#This Row],[Units]]*Purchasedata[[#This Row],[Cost]],"")
E19: =IFERROR(VLOOKUP(Purchasedata[[#This Row],[HSN Code]],ProductsData[#All],2,0),"") | F19: =IFERROR(VLOOKUP(Purchasedata[[#This Row],[HSN Code]],Table26[#All],3,0),"") | I19: =IFERROR(VLOOKUP(Purchasedata[[#This Row],[HSN Code]],ProductsData[#All],3,0),"") | J19: =IFERROR(Purchasedata[[#This Row],[Units]]*Purchasedata[[#This Row],[Cost]],"")
E20: =IFERROR(VLOOKUP(Purchasedata[[#This Row],[HSN Code]],ProductsData[#All],2,0),"") | F20: =IFERROR(VLOOKUP(Purchasedata[[#This Row],[HSN Code]],Table26[#All],3,0),"") | I20: =IFERROR(VLOOKUP(Purchasedata[[#This Row],[HSN Code]],ProductsData[#All],3,0),"") | J20: =IFERROR(Purchasedata[[#This Row],[Units]]*Purchasedata[[#This Row],[Cost]],"")

Sheet Sales
D6: Cust_Id | E6: Cust_Name | F6: HSN Code | G6: Product Name | H6: Date | I6: Stock(Units) | J6: Units | K6: Price | L6: Amount
D7: 100 | E7: =IFERROR(VLOOKUP(Table3[[#This Row],[Cust_Id]],customersdata[#All],2,0),"") -> Ram sales | F7: N1001 | G7: =IFERROR(VLOOKUP(Table3[[#This Row],[HSN Code]],ProductsData[#All],2,0),"") -> Smart Watch | H7: 46023 | I7: =VLOOKUP(Table3[[#This Row],[HSN Code]],Table5[#All],6,0) -> 150 | J7: 20 | K7: =IFERROR(VLOOKUP(Table3[[#This Row],[HSN Code]],ProductsData[#All],3,0),"") -> 980 | L7: =IFERROR(Table3[[#This Row],[Price]]*Table3[[#This Row],[Units]],"") -> 19600
D8: 103 | E8: =IFERROR(VLOOKUP(Table3[[#This Row],[Cust_Id]],customersdata[#All],2,0),"") -> 99store | F8: N1005 | G8: =IFERROR(VLOOKUP(Table3[[#This Row],[HSN Code]],ProductsData[#All],2,0),"") -> Mouse | H8: 46055 | I8: =VLOOKUP(Table3[[#This Row],[HSN Code]],Table5[#All],6,0) -> 254 | J8: 36 | K8: =IFERROR(VLOOKUP(Table3[[#This Row],[HSN Code]],ProductsData[#All],3,0),"") -> 200 | L8: =IFERROR(Table3[[#This Row],[Price]]*Table3[[#This Row],[Units]],"") -> 7200
D9: 102 | E9: =IFERROR(VLOOKUP(Table3[[#This Row],[Cust_Id]],customersdata[#All],2,0),"") -> MK Tech. | F9: N1002 | G9: =IFERROR(VLOOKUP(Table3[[#This Row],[HSN Code]],ProductsData[#All],2,0),"") -> Laptop HP xyz i5 | I9: =VLOOKUP(Table3[[#This Row],[HSN Code]],Table5[#All],6,0) -> 27 | J9: 23 | K9: =IFERROR(VLOOKUP(Table3[[#This Row],[HSN Code]],ProductsData[#All],3,0),"") -> 34500 | L9: =IFERROR(Table3[[#This Row],[Price]]*Table3[[#This Row],[Units]],"") -> 793500
D10: 105 | E10: =IFERROR(VLOOKUP(Table3[[#This Row],[Cust_Id]],customersdata[#All],2,0),"") -> Amit | F10: N1005 | G10: =IFERROR(VLOOKUP(Table3[[#This Row],[HSN Code]],ProductsData[#All],2,0),"") -> Mouse | H10: 46025 | I10: =VLOOKUP(Table3[[#This Row],[HSN Code]],Table5[#All],6,0) -> 254 | J10: 10 | K10: =IFERROR(VLOOKUP(Table3[[#This Row],[HSN Code]],ProductsData[#All],3,0),"") -> 200 | L10: =IFERROR(Table3[[#This Row],[Price]]*Table3[[#This Row],[Units]],"") -> 2000
D11: 105 | E11: =IFERROR(VLOOKUP(Table3[[#This Row],[Cust_Id]],customersdata[#All],2,0),"") -> Amit | F11: N1009 | G11: =IFERROR(VLOOKUP(Table3[[#This Row],[HSN Code]],ProductsData[#All],2,0),"") -> Speakers | H11: 46025 | I11: =VLOOKUP(Table3[[#This Row],[HSN Code]],Table5[#All],6,0) -> 80 | J11: 20 | K11: =IFERROR(VLOOKUP(Table3[[#This Row],[HSN Code]],ProductsData[#All],3,0),"") -> 670 | L11: =IFERROR(Table3[[#This Row],[Price]]*Table3[[#This Row],[Units]],"") -> 13400
D12: 101 | E12: =IFERROR(VLOOKUP(Table3[[#This Row],[Cust_Id]],customersdata[#All],2,0),"") -> Atul Ltd. | F12: N1001 | G12: =IFERROR(VLOOKUP(Table3[[#This Row],[HSN Code]],ProductsData[#All],2,0),"") -> Smart Watch | H12: 46026 | I12: =VLOOKUP(Table3[[#This Row],[HSN Code]],Table5[#All],6,0) -> 150 | J12: 30 | K12: =IFERROR(VLOOKUP(Table3[[#This Row],[HSN Code]],ProductsData[#All],3,0),"") -> 980 | L12: =IFERROR(Table3[[#This Row],[Price]]*Table3[[#This Row],[Units]],"") -> 29400
D13: 107 | E13: =IFERROR(VLOOKUP(Table3[[#This Row],[Cust_Id]],customersdata[#All],2,0),"") -> prnv | F13: N1010 | G13: =IFERROR(VLOOKUP(Table3[[#This Row],[HSN Code]],ProductsData[#All],2,0),"") -> Tablets | H13: 46026 | I13: =VLOOKUP(Table3[[#This Row],[HSN Code]],Table5[#All],6,0) -> 50 | J13: 50 | K13: =IFERROR(VLOOKUP(Table3[[#This Row],[HSN Code]],ProductsData[#All],3,0),"") -> 23500 | L13: =IFERROR(Table3[[#This Row],[Price]]*Table3[[#This Row],[Units]],"") -> 1175000
E14: =IFERROR(VLOOKUP(Table3[[#This Row],[Cust_Id]],customersdata[#All],2,0),"") | G14: =IFERROR(VLOOKUP(Table3[[#This Row],[HSN Code]],ProductsData[#All],2,0),"") | I14: =VLOOKUP(Table3[[#This Row],[HSN Code]],Table5[#All],6,0) -> 0 | K14: =IFERROR(VLOOKUP(Table3[[#This Row],[HSN Code]],ProductsData[#All],3,0),"") | L14: =IFERROR(Table3[[#This Row],[Price]]*Table3[[#This Row],[Units]],"")
E15: =IFERROR(VLOOKUP(Table3[[#This Row],[Cust_Id]],customersdata[#All],2,0),"") | G15: =IFERROR(VLOOKUP(Table3[[#This Row],[HSN Code]],ProductsData[#All],2,0),"") | I15: =VLOOKUP(Table3[[#This Row],[HSN Code]],Table5[#All],6,0) -> 0 | K15: =IFERROR(VLOOKUP(Table3[[#This Row],[HSN Code]],ProductsData[#All],3,0),"") | L15: =IFERROR(Table3[[#This Row],[Price]]*Table3[[#This Row],[Units]],"")
E16: =IFERROR(VLOOKUP(Table3[[#This Row],[Cust_Id]],customersdata[#All],2,0),"") | G16: =IFERROR(VLOOKUP(Table3[[#This Row],[HSN Code]],ProductsData[#All],2,0),"") | I16: =VLOOKUP(Table3[[#This Row],[HSN Code]],Table5[#All],6,0) -> 0 | K16: =IFERROR(VLOOKUP(Table3[[#This Row],[HSN Code]],ProductsData[#All],3,0),"") | L16: =IFERROR(Table3[[#This Row],[Price]]*Table3[[#This Row],[Units]],"")
E17: =IFERROR(VLOOKUP(Table3[[#This Row],[Cust_Id]],customersdata[#All],2,0),"") | G17: =IFERROR(VLOOKUP(Table3[[#This Row],[HSN Code]],ProductsData[#All],2,0),"") | I17: =VLOOKUP(Table3[[#This Row],[HSN Code]],Table5[#All],6,0) -> 0 | K17: =IFERROR(VLOOKUP(Table3[[#This Row],[HSN Code]],ProductsData[#All],3,0),"") | L17: =IFERROR(Table3[[#This Row],[Price]]*Table3[[#This Row],[Units]],"")
E18: =IFERROR(VLOOKUP(Table3[[#This Row],[Cust_Id]],customersdata[#All],2,0),"") | G18: =IFERROR(VLOOKUP(Table3[[#This Row],[HSN Code]],ProductsData[#All],2,0),"") | I18: =VLOOKUP(Table3[[#This Row],[HSN Code]],Table5[#All],6,0) -> 0 | K18: =IFERROR(VLOOKUP(Table3[[#This Row],[HSN Code]],ProductsData[#All],3,0),"") | L18: =IFERROR(Table3[[#This Row],[Price]]*Table3[[#This Row],[Units]],"")
E19: =IFERROR(VLOOKUP(Table3[[#This Row],[Cust_Id]],customersdata[#All],2,0),"") | G19: =IFERROR(VLOOKUP(Table3[[#This Row],[HSN Code]],ProductsData[#All],2,0),"") | I19: =VLOOKUP(Table3[[#This Row],[HSN Code]],Table5[#All],6,0) -> 0 | K19: =IFERROR(VLOOKUP(Table3[[#This Row],[HSN Code]],ProductsData[#All],3,0),"") | L19: =IFERROR(Table3[[#This Row],[Price]]*Table3[[#This Row],[Units]],"")
E20: =IFERROR(VLOOKUP(Table3[[#This Row],[Cust_Id]],customersdata[#All],2,0),"") | G20: =IFERROR(VLOOKUP(Table3[[#This Row],[HSN Code]],ProductsData[#All],2,0),"") | I20: =VLOOKUP(Table3[[#This Row],[HSN Code]],Table5[#All],6,0) -> 0 | K20: =IFERROR(VLOOKUP(Table3[[#This Row],[HSN Code]],ProductsData[#All],3,0),"") | L20: =IFERROR(Table3[[#This Row],[Price]]*Table3[[#This Row],[Units]],"")
E21: =IFERROR(VLOOKUP(Table3[[#This Row],[Cust_Id]],customersdata[#All],2,0),"") | G21: =IFERROR(VLOOKUP(Table3[[#This Row],[HSN Code]],ProductsData[#All],2,0),"") | I21: =VLOOKUP(Table3[[#This Row],[HSN Code]],Table5[#All],6,0) -> 0 | K21: =IFERROR(VLOOKUP(Table3[[#This Row],[HSN Code]],ProductsData[#All],3,0),"") | L21: =IFERROR(Table3[[#This Row],[Price]]*Table3[[#This Row],[Units]],"")

Sheet Inventory
D6: HSN Code | E6: Product Name | F6: Cost | G6: P Units | H6: S Units | I6: Stock | J6: Stock Amt | K6: Notification
D7: =IFERROR(Products!D8,"") -> N1001 | E7: =IFERROR(Products!E8,"") -> Smart Watch | F7: =IFERROR(Products!F8,"") -> 980 | G7: =SUMIF(Purchasedata[Product Name],Table5[[#This Row],[Product Name]],Purchasedata[Units]) -> 200 | H7: =SUMIF(Table3[Product Name],Table5[[#This Row],[Product Name]],Table3[Units]) -> 50 | I7: =Table5[[#This Row],[P Units]]-Table5[[#This Row],[S Units]] -> 150 | J7: =Table5[[#This Row],[Cost]]*Table5[[#This Row],[Stock]] -> 147000 | K7: =IFERROR(IF(Table5[[#This Row],[Stock]]<5,"📞 " &Table5[[#This Row],[Product Name]]&" Needs to reorder ! PH "&VLOOKUP(Table5[[#This Row],[HSN Code ]],Table26[#All],4,0),""),"")
D8: =IFERROR(Products!D9,"") -> N1002 | E8: =IFERROR(Products!E9,"") -> Laptop HP xyz i5 | F8: =IFERROR(Products!F9,"") -> 34500 | G8: =SUMIF(Purchasedata[Product Name],Table5[[#This Row],[Product Name]],Purchasedata[Units]) -> 50 | H8: =SUMIF(Table3[Product Name],Table5[[#This Row],[Product Name]],Table3[Units]) -> 23 | I8: =Table5[[#This Row],[P Units]]-Table5[[#This Row],[S Units]] -> 27 | J8: =Table5[[#This Row],[Cost]]*Table5[[#This Row],[Stock]] -> 931500 | K8: =IFERROR(IF(Table5[[#This Row],[Stock]]<5,"📞 " &Table5[[#This Row],[Product Name]]&" Needs to reorder ! PH "&VLOOKUP(Table5[[#This Row],[HSN Code ]],Table26[#All],4,0),""),"")
D9: =IFERROR(Products!D10,"") -> N1003 | E9: =IFERROR(Products!E10,"") -> Wireless Printer | F9: =IFERROR(Products!F10,"") -> 4600 | G9: =SUMIF(Purchasedata[Product Name],Table5[[#This Row],[Product Name]],Purchasedata[Units]) -> 25 | H9: =SUMIF(Table3[Product Name],Table5[[#This Row],[Product Name]],Table3[Units]) -> 0 | I9: =Table5[[#This Row],[P Units]]-Table5[[#This Row],[S Units]] -> 25 | J9: =Table5[[#This Row],[Cost]]*Table5[[#This Row],[Stock]] -> 115000 | K9: =IFERROR(IF(Table5[[#This Row],[Stock]]<5,"📞 " &Table5[[#This Row],[Product Name]]&" Needs to reorder ! PH "&VLOOKUP(Table5[[#This Row],[HSN Code ]],Table26[#All],4,0),""),"")
D10: =IFERROR(Products!D11,"") -> N1004 | E10: =IFERROR(Products!E11,"") -> Desktop | F10: =IFERROR(Products!F11,"") -> 21000 | G10: =SUMIF(Purchasedata[Product Name],Table5[[#This Row],[Product Name]],Purchasedata[Units]) -> 34 | H10: =SUMIF(Table3[Product Name],Table5[[#This Row],[Product Name]],Table3[Units]) -> 0 | I10: =Table5[[#This Row],[P Units]]-Table5[[#This Row],[S Units]] -> 34 | J10: =Table5[[#This Row],[Cost]]*Table5[[#This Row],[Stock]] -> 714000 | K10: =IFERROR(IF(Table5[[#This Row],[Stock]]<5,"📞 " &Table5[[#This Row],[Product Name]]&" Needs to reorder ! PH "&VLOOKUP(Table5[[#This Row],[HSN Code ]],Table26[#All],4,0),""),"")
D11: =IFERROR(Products!D12,"") -> N1005 | E11: =IFERROR(Products!E12,"") -> Mouse | F11: =IFERROR(Products!F12,"") -> 200 | G11: =SUMIF(Purchasedata[Product Name],Table5[[#This Row],[Product Name]],Purchasedata[Units]) -> 300 | H11: =SUMIF(Table3[Product Name],Table5[[#This Row],[Product Name]],Table3[Units]) -> 46 | I11: =Table5[[#This Row],[P Units]]-Table5[[#This Row],[S Units]] -> 254 | J11: =Table5[[#This Row],[Cost]]*Table5[[#This Row],[Stock]] -> 50800 | K11: =IFERROR(IF(Table5[[#This Row],[Stock]]<5,"📞 " &Table5[[#This Row],[Product Name]]&" Needs to reorder ! PH "&VLOOKUP(Table5[[#This Row],[HSN Code ]],Table26[#All],4,0),""),"")
D12: =IFERROR(Products!D13,"") -> N1006 | E12: =IFERROR(Products!E13,"") -> Rgb Keyboard | F12: =IFERROR(Products!F13,"") -> 340 | G12: =SUMIF(Purchasedata[Product Name],Table5[[#This Row],[Product Name]],Purchasedata[Units]) -> 7 | H12: =SUMIF(Table3[Product Name],Table5[[#This Row],[Product Name]],Table3[Units]) -> 0 | I12: =Table5[[#This Row],[P Units]]-Table5[[#This Row],[S Units]] -> 7 | J12: =Table5[[#This Row],[Cost]]*Table5[[#This Row],[Stock]] -> 2380 | K12: =IFERROR(IF(Table5[[#This Row],[Stock]]<5,"📞 " &Table5[[#This Row],[Product Name]]&" Needs to reorder ! PH "&VLOOKUP(Table5[[#This Row],[HSN Code ]],Table26[#All],4,0),""),"")
D13: =IFERROR(Products!D14,"") -> N1007 | E13: =IFERROR(Products!E14,"") -> Camera | F13: =IFERROR(Products!F14,"") -> 52000 | G13: =SUMIF(Purchasedata[Product Name],Table5[[#This Row],[Product Name]],Purchasedata[Units]) -> 0 | H13: =SUMIF(Table3[Product Name],Table5[[#This Row],[Product Name]],Table3[Units]) -> 0 | I13: =Table5[[#This Row],[P Units]]-Table5[[#This Row],[S Units]] -> 0 | J13: =Table5[[#This Row],[Cost]]*Table5[[#This Row],[Stock]] -> 0 | K13: =IFERROR(IF(Table5[[#This Row],[Stock]]<5,"📞 " &Table5[[#This Row],[Product Name]]&" Needs to reorder ! PH "&VLOOKUP(Table5[[#This Row],[HSN Code ]],Table26[#All],4,0),""),"") -> 📞 Camera Needs to reorder ! PH 9813xxxxxx
D14: =IFERROR(Products!D15,"") -> N1008 | E14: =IFERROR(Products!E15,"") -> Headphones | F14: =IFERROR(Products!F15,"") -> 799 | G14: =SUMIF(Purchasedata[Product Name],Table5[[#This Row],[Product Name]],Purchasedata[Units]) -> 5 | H14: =SUMIF(Table3[Product Name],Table5[[#This Row],[Product Name]],Table3[Units]) -> 0 | I14: =Table5[[#This Row],[P Units]]-Table5[[#This Row],[S Units]] -> 5 | J14: =Table5[[#This Row],[Cost]]*Table5[[#This Row],[Stock]] -> 3995 | K14: =IFERROR(IF(Table5[[#This Row],[Stock]]<5,"📞 " &Table5[[#This Row],[Product Name]]&" Needs to reorder ! PH "&VLOOKUP(Table5[[#This Row],[HSN Code ]],Table26[#All],4,0),""),"")
D15: =IFERROR(Products!D16,"") -> N1009 | E15: =IFERROR(Products!E16,"") -> Speakers | F15: =IFERROR(Products!F16,"") -> 670 | G15: =SUMIF(Purchasedata[Product Name],Table5[[#This Row],[Product Name]],Purchasedata[Units]) -> 100 | H15: =SUMIF(Table3[Product Name],Table5[[#This Row],[Product Name]],Table3[Units]) -> 20 | I15: =Table5[[#This Row],[P Units]]-Table5[[#This Row],[S Units]] -> 80 | J15: =Table5[[#This Row],[Cost]]*Table5[[#This Row],[Stock]] -> 53600 | K15: =IFERROR(IF(Table5[[#This Row],[Stock]]<5,"📞 " &Table5[[#This Row],[Product Name]]&" Needs to reorder ! PH "&VLOOKUP(Table5[[#This Row],[HSN Code ]],Table26[#All],4,0),""),"")
D16: =IFERROR(Products!D17,"") -> N1010 | E16: =IFERROR(Products!E17,"") -> Tablets | F16: =IFERROR(Products!F17,"") -> 23500 | G16: =SUMIF(Purchasedata[Product Name],Table5[[#This Row],[Product Name]],Purchasedata[Units]) -> 100 | H16: =SUMIF(Table3[Product Name],Table5[[#This Row],[Product Name]],Table3[Units]) -> 50 | I16: =Table5[[#This Row],[P Units]]-Table5[[#This Row],[S Units]] -> 50 | J16: =Table5[[#This Row],[Cost]]*Table5[[#This Row],[Stock]] -> 1175000 | K16: =IFERROR(IF(Table5[[#This Row],[Stock]]<5,"📞 " &Table5[[#This Row],[Product Name]]&" Needs to reorder ! PH "&VLOOKUP(Table5[[#This Row],[HSN Code ]],Table26[#All],4,0),""),"")
D17: =IFERROR(Products!D18,"") -> 0 | E17: =IFERROR(Products!E18,"") -> 0 | F17: =IFERROR(Products!F18,"") -> 0 | G17: =SUMIF(Purchasedata[Product Name],Table5[[#This Row],[Product Name]],Purchasedata[Units]) -> 0 | H17: =SUMIF(Table3[Product Name],Table5[[#This Row],[Product Name]],Table3[Units]) -> 0 | I17: =Table5[[#This Row],[P Units]]-Table5[[#This Row],[S Units]] -> 0 | J17: =Table5[[#This Row],[Cost]]*Table5[[#This Row],[Stock]] -> 0 | K17: =IFERROR(IF(Table5[[#This Row],[Stock]]<5,"📞 " &Table5[[#This Row],[Product Name]]&" Needs to reorder ! PH "&VLOOKUP(Table5[[#This Row],[HSN Code ]],Table26[#All],4,0),""),"")

Sheet Pivot
A2: Count of Name | C2: Customers | E2: Row Labels | F2: Sum of S Units
A3: 8 | C3: =GETPIVOTDATA("Name",$A$2) -> 8 | E3: 0 | F3: 0
E4: Camera | F4: 0
A5: Count of Product Name | C5: Products | E5: Desktop | F5: 0
A6: 10 | C6: =GETPIVOTDATA("Product Name",Pivot!$A$5) -> 10 | E6: Headphones | F6: 0
E7: Laptop HP xyz i5 | F7: 23
A8: Sum of Amount | C8: Purchase amt | E8: Mouse | F8: 46
A9: 2883375 | C9: =GETPIVOTDATA("Amount",$A$8) -> 2883375 | E9: Rgb Keyboard | F9: 0
E10: Smart Watch | F10: 50
A11: Sum of Amount | C11: Sale amt. | E11: Speakers | F11: 20
A12: 865100 | C12: =GETPIVOTDATA("Amount",$A$11) -> 865100 | E12: Tablets | F12: 0
E13: Wireless Printer | F13: 0
A14: Sum of Stock Amt | C14: Stock amt | E14: Grand Total | F14: 139
A15: 2018275 | C15: =GETPIVOTDATA("Stock Amt",$A$14) -> 2018275
E16: Row Labels | F16: Sum of Amount
C17: p/l | E17: MK Tech. | F17: 793500
C18: =C15+C12-C9 -> 0 | E18: Atul Ltd. | F18: 29400
E19: Ram sales | F19: 19600
E20: Amit | F20: 15400
E21: 99store | F21: 7200
E22: Grand Total | F22: 865100
A25: Row Labels | B25: Sum of Stock
A26: Camera | B26: 0
A27: Desktop | B27: 34
A28: Headphones | B28: 5
A29: Laptop HP xyz i5 | B29: 27
A30: Mouse | B30: 254
A31: Rgb Keyboard | B31: 7
A32: Smart Watch | B32: 150
A33: Speakers | B33: 80
A34: Tablets | B34: 0
A35: Wireless Printer | B35: 25
A36: Grand Total | B36: 582
